"0","knitr::opts_chunk$set(echo = FALSE, warning = FALSE, message = FALSE,"
"0","                      fig.width = 10, fig.height = 5, fig.align = ""center"")"
"0",""
"0","library(tidyverse)"
"0","library(lubridate)"
"0","library(scales)"
"0","library(mice)"
"0","library(kableExtra)"
"0","library(knitr)"
"0","library(AER)"
"0","library(summarytools)"
"0","library(visdat)"
"0","library(dlookr)"
"0","library(plotly)"
"0","library(DataExplorer)"
"0","library(RSocrata)"
"0","library(janitor)"
"0","library(zoo)"
"0","library(skimr)"
"0","library(Amelia)"
"0","library(ggthemes)"
"0","library(sf)"
